Chile,||||||||||||||||||||||||||||||||||||||||||||||||||||||||||||||||||||||||||||||||||||||||||||||||||||
,
,
,
,
Chile,||||||||||||||||||||||||||||||||||||||||||||||||||||||||||||||||||||||||||||||||||||||||||||||||||||
,
,
,
,
,
,
,
,
,
,
,
,
,
,
,
,
,
,
,
,
,
,
,
,
,
,
,
,
,
,
,
,
,
,
,
,
,
,
,
Italy,
,
,
,
,
Italy,
,
,
,
,
Italy,
,
,
,
,
Italy,
,
,
,
,
Italy,
,
,
,
,
Italy,
,
,
,
,
Italy,
,
,
,
,
Italy,
,
,
,
,
Italy,
,
,
,
,
Denmark,
,
,
,
,
Sweden,|
Denmark,
,
,
,
Sweden,|
,
,
,
,
Sweden,|
,
,
,
,
Sweden,
United States of America,
Mexico,
,
,
Canada,||
Sweden,
United States of America,
Cuba,
Mexico,
Canada,||
United States of America,||
Sweden,
Mexico,
Morocco,
United States of America,||||
Canada,||
Australia,|
Sweden,
Morocco,
United States of America,||||||
Canada,||
Australia,|
Sweden,
Morocco,
United States of America,|||||||||
Australia,|
Canada,|
Sweden,
Belgium,
United States of America,|||||||||||||||
Canada,|
Australia,|
Sweden,
Belgium,
United States of America,||||||||||||||||||||||||||||||||||||||||||||||||||||||||||||||||||||||||||
Canada,||||||||
Australia,|||
Netherlands,
Belgium,
United States of America,||||||||||||||||||||||||||||||||||||||||||||||||||||||||||||||||||||||||||||
Canada,|||||||||||||||||||||||
Australia,||||
Switzerland,
Netherlands,
United States of America,|||||||||||||||||||||||||||||||||||||||||||||||||||||||||||||||||||||||||||
Canada,|||||||||||||||||||||||||||||||||||||||||||||||||||||||||||||
Germany,|||||||||||||||
Australia,||||
Switzerland,|
United States of America,|||||||||||||||||||||||||||||||||||||||||||||||||||||||||||||||||||||||
Canada,||||||||||||||||||||||||||||||||||||||||||||||||||||||||||||||||||||||
Germany,||||||||||||||||
Australia,||
Ireland,|
United States of America,||||||||||||||||||||||||||||||||||||||||||||||||||||||||||||||||||||||||||||||||||||||||||||||||||||
Germany,|||||||||||||||
Canada,|||||||||||||||
Australia,
Switzerland,
United States of America,||||||||||||||||||||||||||||||||||||||||||||||||||||||||||||||||||||||||||
Canada,||||||||||||||||
Brazil,|||||||||
Germany,|
Australia,|
United States of America,|||||||||||||||||||||||||||||||||||||||||||||||||||||||||||||||||||||||||||||||
Canada,||||||||||||||||
Germany,|||||||||||||
Australia,
France,
Germany,|||||||||||||||||||||||||||||||||||||||||||||||||||||||||||||||||||||||||||||||||||||||||||
United States of America,|||||||||||||||||||||||||||||||||||||||||||||||||||||||||||||||||||||
Canada,||||||||||||||||||||||||||
Australia,|
Ireland,|
United States of America,|||||||||||||||||||||||||||||||||||||||||||||||||||||||||||||||||||||||
Germany,|||||||||||||||||||||||||||||||||||||||||||||||||||||||||||||||||
Canada,|||||||||||||||||||||||||||||||||
Ireland,|
Australia,|
United States of America,||||||||||||||||||||||||||||||||||||||||||||||||||||||||||||||||||||||||||||
Canada,||||||||||||||||||||||||||||||||||
Germany,||||||||||||||||
Brazil,||||||||||
Italy,|
United States of America,||||||||||||||||||||||||||||||||||||||||||||||||||||||||||||||||||
Canada,||||||||||||||||||||||||||||||||||
Germany,||||||||||||||
Ireland,|
Australia,|
United States of America,|||||||||||||||||||||||||||||||||||||||||||||||||||||||||||||||||||||
Canada,||||||||||||||||||||||||||
Germany,||||||||||||||||
United Kingdom,|||
Ireland,|
United States of America,||||||||||||||||||||||||||||||||||||||||||||||||||||||||||||||||||||||||||||||
Canada,||||||||||||||||||||||||
Germany,||||||||||||||||
United Kingdom,||
Italy,||
United States of America,||||||||||||||||||||||||||||||||||||||||||||||||||||||||||||||||||||||||||||||||||||||||||||||||||||
Canada,||||||||||||||||||||
Germany,|||||||
United Kingdom,|||
Italy,||
United States of America,||||||||||||||||||||||||||||||||||||||||||||||||||||||||||||||||||||||||||||||||||||||||||||||||||||
Canada,|||||||||||||||||
Germany,|||||||
Italy,||||
United Kingdom,||
United States of America,||||||||||||||||||||||||||||||||||||||||||||||||||||||||||||||||||||||||||||||||||||||||||||||||||||
Canada,|||||||||||||||
Italy,|||||||
Germany,||||
United Kingdom,|||
United States of America,||||||||||||||||||||||||||||||||||||||||||||||||||||||||||||||||||||||||||||||||||||||||||||||||||||
Italy,||||||||||||||
Canada,|||||||||||
Germany,|||||
United Kingdom,||||